upc,qty,artist,title
0602547670144,0,1975,1975 / I LIKE IT WHEN YOU SLEEP FOR YOU ARE SO BEAUTIFUL YET SO U
5060257963034,0,1975,1975 / BEING FUNNY IN A FOREIGN LANGUAGE (X)
0888430562226,0,2003,2003 - 311 - Greatest Hits 1993
0880882701826,1,ANGINE DE POITRINE,ANGINE DE POITRINE  / VOL. I
0880882701925,0,ANGINE DE POITRINE,ANGINE DE POITRINE  / VOL. II
0194397744323,0,"APPLE,FIONA","APPLE,FIONA / FETCH THE BOLT CUTTERS"
0801390030024,3,ARCTIC MONKEYS,ARCTIC MONKEYS / SUCK IT & SEE
0888750364821,1,AUDIOSLAVE,AUDIOSLAVE / AUDIOSLAVE
5060257961788,2,BEABADOOBEE,BEABADOOBEE / FAKE IT FLOWERS
0098787096521,4,BEACH HOUSE,BEACH HOUSE / BLOOM
5016958025427,0,Bjork,BJORK / POST
5054429151435,0,"BLACK COUNTRY, NEW ROAD","BLACK COUNTRY, NEW ROAD - Ants from Up There"
0077779658527,3,BLIND MELON,BLIND MELON / BLIND MELON
0656605213521,2,BON IVER,BON IVER / BON IVER
0656605230023,0,Bon Iver,BON IVER / 22 A MILLION
0724382984221,0,BUTTHOLE SURFERS,BUTTHOLE SURFERS / ELECTRICLARRYLAND
5400863168957,0,Cameron Winter,"WINTER,CAMERON / HEAVY METAL"
0191401157124,0,Car Seat Headrest,CAR SEAT HEADREST / MAKING A DOOR LESS OPEN
0720841217343,0,CIGARETTES AFTER SEX,CIGARETTES AFTER SEX - I.
0720841303527,6,CIGARETTES AFTER SEX,CIGARETTES AFTER SEX - X's
0652637001228,8,Cocteau Twins,COCTEAU TWINS / HEAVEN OR LAS VEGAS
0652637080728,2,Cocteau Twins,COCTEAU TWINS / BLUE BELL KNOLL
5099921688805,1,Coldplay,COLDPLAY / VIVA LA VIDA OR DEATH & ALL HIS FRIENDS
0817949011567,0,"DEMARCO,MAC","DEMARCO,MAC / ANOTHER ONE"
0817949016425,0,"DEMARCO,MAC","DEMARCO,MAC / 2"
0075992683821,0,FLAMING LIPS,FLAMING LIPS / HIT TO DEATH IN THE FUTURE HEAD
0191404143629,2,FONTAINES D.C.,FONTAINES D.C. / ROMANCE
0720841301622,0,FONTAINES D.C.,FONTAINES D.C. / SKINTY FIA
0720841216629,2,FONTAINES D.C.,FONTAINES D.C. / DOGREL
0886976944629,0,FOO FIGHTERS,FOO FIGHTERS / COLOUR AND THE SHAPE (EXPANDED EDITION)
5400863090067,0,Geese,GEESE / 3D COUNTRY
0720642516423,0,HOLE,HOLE / CELEBRITY SKIN
0744861054528,1,INTERPOL,INTERPOL / TURN ON THE BRIGHT LIGHTS
0744861061625,4,INTERPOL,INTERPOL / ANTICS
0602498800331,0,Jack Johnson,"JOHNSON,JACK / IN BETWEEN DREAMS"
0840526507573,0,JANE REMOVER,JANE REMOVER / REVENGESEEKERZ
0840526507559,0,JANE REMOVER,JANE REMOVER / CENSUS DESIGNATED
0656605145327,0,Khruangbin,KHRUANGBIN / CON TODO EL MUNDO
0817949014025,0,MAC DEMARCO,MAC DEMARCO - Rock & Roll Night Club
0081227951917,2,"MORISSETTE,ALANIS","MORISSETTE,ALANIS / JAGGED LITTLE"
0825646350957,2,MUSE,MUSE / BLACK HOLES AND REVELATIONS
0093624428428,0,MUSE,MUSE - Black Holes & Revelations
0093624940487,0,MY CHEMICAL ROMANCE,MY CHEMICAL ROMANCE / MAY DEATH NEVER STOP YOU
0606949047320,0,NINE INCH NAILS,NINE INCH NAILS - Fragile
0602498814406,0,NINE INCH NAILS,NINE INCH NAILS - With Teeth
4988005678003,1,NIRVANA,NIRVANA / MTV UNPLUGGED IN NEW
5051961151022,0,Oasis,OASIS / (WHAT'S THE STORY) MORNING GLORY?
0645131207722,0,PANIC! AT THE DISCO,PANIC! AT THE DISCO - Fever You Can't Sweat Out
0714753016620,8,PIERCE THE VEIL,PIERCE THE VEIL / COLLIDE WITH THE SKY
5099750636428,1,PSYCHEDELIC FURS,"PSYCHEDELIC FURS,THE / FOREVER NOW"
0634904078225,0,Radiohead,Radiohead - Kid A
0634904078126,6,Radiohead,Radiohead - Ok Computer
0656605143224,2,SLOWDIVE,SLOWDIVE / SLOWDIVE
0198028946629,1,SLOWDIVE,SLOWDIVE / SOUVLAKI
0724384086428,1,SMASHING PUMPKINS,SMASHING PUMPKINS / MELLON COLLIE
0787996800820,1,SONIC YOUTH,SONIC YOUTH / SONIC YOUTH
0603497844388,0,STONE TEMPLE PILOTS,STONE TEMPLE PILOTS / TINY MUSIC..SONGS FROM THE VATICAN GIFT S
0075678358623,0,STONE TEMPLE PILOTS,STONE TEMPLE PILOTS / THANK YOU
0602537065189,1,Tame Impala,TAME IMPALA / LONERISM
0075678625367,0,TWENTY ONE PILOTS,TWENTY ONE PILOTS / MTV UNPLUGGED
0602527303475,2,TWO DOOR CINEMA CLUB,TWO DOOR CINEMA CLUB / TOURIST HISTORY
0198704625626,0,TWO DOOR CINEMA CLUB,TWO DOOR CINEMA CLUB / TOURIST HISTORY (15TH ANNIVERSARY)
0656605037622,0,"WEBSTER,FAYE","WEBSTER,FAYE / ATLANTA MILLIONAIRES CLUB"
0011661909021,0,Ween,Ween - Pure Guava
0794558113229,3,,PIERCE THE VEIL / FLAIR FOR THE DRAMATIC
0603967150926,5,,TITLE FIGHT / FLORAL GREEN
0645131207623,3,,PARAMORE / ALL WE KNOW IS FALLING
0600753728093,0,,CRANBERRIES / 5 CLASSIC ALBUMS
0078636789224,1,,FOO FIGHTERS / THERE IS NOTHING LEFT TO
0075678241826,1,,STONE TEMPLE PILOTS / CORE
0606949234621,3,,NINE INCH NAILS / DOWNWARD SPIRAL
0634457826427,0,,MID-AIR THIEF / CRUMBLING
0606949350727,0,,NIRVANA / NIRVANA
0602547782472,1,,TAME IMPALA / CURRENTS
0602527203676,0,,NIRVANA / LIVE AT READING
0075678654558,2,,TWENTY ONE PILOTS / TRENCH
0098787110524,1,,SLEATER KINNEY / DIG ME OUT
0887828050727,0,ALEX G,ALEX G / GOD SAVE THE ANIMALS
0689492159221,0,ALEX G,ALEX G / TRICK
0811774025447,1,ALEX G,ALEX G / DSU
0887828045129,0,ALEX G,ALEX G / HOUSE OF SUGAR
0689492208318,0,ALEX G,ALEX G / RULES (LP/7INCH)
0074645762821,2,Alice In Chains,ALICE IN CHAINS / JAR OF FLIES
0801390008627,2,ARCTIC MONKEYS,"ARCTIC MONKEYS / WHATEVER PEOPLE SAY I AM, THAT'S WHAT I AM N"
0886919932225,1,Avril Lavigne,"LAVIGNE,AVRIL / LET GO"
0098787112221,1,BEACH HOUSE,BEACH HOUSE / DEPRESSION CHERRY
0677517003529,0,BEACH HOUSE,BEACH HOUSE / BEACH HOUSE
0677517004229,0,BEACH HOUSE,BEACH HOUSE / DEVOTION
0602435973654,3,Billie Eilish,"EILISH,BILLIE / HAPPIER THAN EVER"
145122,0,Billy Idol,Billy Idol
5016958046026,2,BJORK,BJORK / VESPERTINE LTD
5016958032920,4,Bjork,BJORK / HOMOGENIC
0656605211527,0,BON IVER,BON IVER / FOR EMMA FOREVER AGO
0888430563421,1,Cake,CAKE / FASHION NUGGET
0744861109228,2,Car Seat Headrest,CAR SEAT HEADREST / TWIN FANTASY
0744861109198,1,Car Seat Headrest,CAR SEAT HEADREST / TEENS OF DENIAL
0720841217329,1,CIGARETTES AFTER SEX,CIGARETTES AFTER SEX / CRY
0829299185027,0,Clairo,CLAIRO / IMMUNITY
0074646388327,0,CLASH,CLASH / CLASH (US EDITION
0191400061729,3,Cocteau Twins,COCTEAU TWINS / FOUR CALENDAR CAFE
0652637041224,3,Cocteau Twins,COCTEAU TWINS / TREASURE
191400064225,1,Cocteau Twins & Harold Budd,The Moon and the Melodies
0724352778324,1,Coldplay,COLDPLAY / PARACHUTES
0724354050428,3,Coldplay,COLDPLAY / RUSH OF BLOOD TO THE HEAD
0724347478628,2,Coldplay,COLDPLAY / X & Y
0602488315791,1,CRANBERRIES,"CRANBERRIES / EVERYBODY ELSE IS DOING IT, SO WHY CAN'T WE"
0602577844638,0,CUCO,CUCO - Para Mi (X)
0602435497815,1,"DEL REY,LANA","DEL REY,LANA / CHEMTRAILS OVER THE COUNTRY CLUB"
145206,1,Elliott Smith,Either / Or
0886978870629,0,Fiona Apple,"APPLE,FIONA / WHEN THE PAWN"
0888837135924,2,Fiona Apple,"APPLE,FIONA / TIDAL"
5400863188009,4,Geese,GEESE / GETTING KILLED
,2,Gorillaz,GORILLAZ (Manual)
0190295851200,2,GORILLAZ,GORILLAZ / HUMANZ (X)
0720642463123,5,Hole,HOLE / LIVE THROUGH THIS
0888430565722,0,Incubus,INCUBUS / MAKE YOURSELF
0191401150422,3,Interpol,INTERPOL / OUR LOVE TO ADMIRE
0074646940020,1,"JACKSON,MICHAEL","JACKSON,MICHAEL / INVINCIBLE"
0074645752822,2,Jeff Buckley,"BUCKLEY,JEFF / GRACE"
0602448519108,0,"KAHAN,NOAH","KAHAN,NOAH / STICK SEASON"
0602465334807,2,"KAHAN,NOAH","KAHAN,NOAH / STICK SEASON (WE'LL ALL BE HERE FOREVER) (X) (2CD)"
0602527188386,6,Kid Cudi,KID CUDI / MAN ON THE MOON: THE END OF DAY
0602498622773,1,KILLERS,KILLERS / HOT FUSS
0602537865413,0,Lana Del Rey,"DEL REY,LANA / ULTRAVIOLENCE"
5056167181576,2,Laufey,LAUFEY / MATTER OF TIME
5056167178767,0,Lil Peep,LIL PEEP / HELLBOY
0093624996132,0,Linkin Park,LINKIN PARK / MINUTES TO MIDNIGHT
0817949019488,0,Mac Demarco,"DEMARCO,MAC / SALAD DAYS"
0817949013165,0,Mac Demarco,"DEMARCO,MAC / THIS OLD DOG"
0823765000128,1,Maroon 5,MAROON 5 / SONGS ABOUT JANE
0656605145020,2,MITSKI,MITSKI / BE THE COWBOY
0602527779089,4,Nirvana,Nirvana - Nevermind
0198029011425,1,Oasis,OASIS / TIME FLIES… 1994-2009
0602455215918,2,Olivia Dean,"DEAN,OLIVIA / MESSY"
0075678967603,1,PARAMORE,PARAMORE / BRAND NEW EYES
0889853344925,0,PEARL JAM,PEARL JAM - Vs.
0656605150024,1,Phoebe Bridgers,"BRIDGERS,PHOEBE / PUNISHER"
0794558025928,3,PIERCE THE VEIL,PIERCE THE VEIL / SELFISH MACHINES
0606949086329,0,QUEENS OF STONE AGE,QUEENS OF STONE AGE - Queens of the Stone Age - Rated R
0191401179829,0,QUEENS OF STONE AGE,QUEENS OF STONE AGE - Queens of the Stone Age - Queens of the Stone Age
0634904077921,2,Radiohead,Radiohead - Pablo Honey
0634904079024,2,RADIOHEAD,RADIOHEAD / MOON SHAPED POOL (FOIL INLAY)
0634904032425,7,Radiohead,Radiohead - In Rainbows
0634904078027,4,Radiohead,Radiohead - Bends
133440,1,Radiohead,Hail to the Thief
0075992668125,3,Red Hot Chili Peppers,RED HOT CHILI PEPPERS / BLOOD SUGAR SEX MAGIK
0093624999621,1,RED HOT CHILI PEPPERS,RED HOT CHILI PEPPERS / STADIUM ARCADIUM
0889030031228,0,SAMPHA,SAMPHA - Lahai
0720642429723,2,Sonic Youth,SONIC YOUTH / GOO
0787996801728,0,Sonic Youth,SONIC YOUTH / DAYDREAM NATION
0603497851539,0,STONE TEMPLE PILOTS,STONE TEMPLE PILOTS - Purple (Remaster)
MFSL2-593,0,Stone Temple Pilots,Tiny Music... Songs From The Vatican Gift Shop
0078636810126,0,STROKES,STROKES / IS THIS IT
0199584483221,3,STROKES,STROKES - Reality Awaits
0888430154421,2,STROKES,STROKES / ROOM ON FIRE
0075992388320,2,TALKING HEADS,TALKING HEADS / SPEAKING IN TONGUES
0724352245321,1,TALKING HEADS,TALKING HEADS / STOP MAKING SENSE
0075992609524,2,Talking Heads,TALKING HEADS / REMAIN IN LIGHT
0075992742320,3,TALKING HEADS,TALKING HEADS / TALKING HEADS: 77
0602527375380,0,Tame Impala,TAME IMPALA / INNERSPEAKER
0602577928222,6,Taylor Swift,Taylor Swift - Lover
0843930033102,0,Taylor Swift,Taylor Swift - Reputation
075678608186,1,The Marias,Submarine
0825646604869,1,The Smiths,SMITHS / MEAT IS MURDER
5021732374400,2,The Smiths,SMITHS / HATFUL OF HOLLOW
5021732374356,2,The Smiths,SMITHS / LOUDER THAN BOMBS
4943674435487,0,VARIOUS ARTISTS,VARIOUS ARTISTS / (500) DAYS OF SUMMER (OST)
0656605172828,2,Wednesday,WEDNESDAY / BLEEDS
0720642500729,3,Weezer,WEEZER / PINKERTON
0888915771785,0,XXXTENTACION,XXXTENTACION / SKINS
0859575005732,0,Yeule,YEULE / SEROTONIN II
0603967144123,2,,TITLE FIGHT / SHED
0093624324522,3,,MY CHEMICAL ROMANCE / BLACK PARADE
0606949304522,1,,WEEZER / WEEZER
0075678660931,0,,PARAMORE / AFTER LAUGHTER
0714753021525,2,,PIERCE THE VEIL / MISADVENTURES
0093624971894,1,,MY CHEMICAL ROMANCE / DANGER DAYS: TRUE LIVES OF THE FABULOU
0093624893226,2,,LINKIN PARK / HYBRID THEORY
0075678998058,3,,PARAMORE / RIOT
0093624861522,4,,MY CHEMICAL ROMANCE / THREE CHEERS FOR SWEET REVENGE
0886971951226,2,,MGMT / ORACULAR SPECTACULAR
0194397058826,1,,STROKES / NEW ABNORMAL
0656605142227,1,,MITSKI / BURY ME AT MAKEOUT CREEK
5016958020620,0,,BJORK / DEBUT
0801390023729,1,,ARCTIC MONKEYS / HUMBUG
0602498609668,3,,BLINK 182 / BLINK 182
0098787084627,0,,SUNNY DAY REAL ESTATE / DIARY
,0,,husker du (Manual)
0606949258023,1,,NO DOUBT / TRAGIC KINGDOM
0008811147426,1,,SUBLIME / 40 OZ. TO FREEDOM
0887828031726,3,,ARCTIC MONKEYS / AM
0093624442721,3,,MY CHEMICAL ROMANCE / BLACK PARADE
0889854491925,0,,SZA / CTRL
0602537405169,2,,1975 / 1975
0880882670726,0,,THEY ARE GUTTING A BODY OF WATER / LOTTO
0074644785722,1,,PEARL JAM / TEN
0077779825325,1,,MAZZY STAR / SO TONIGHT THAT I MIGHT
0888072436527,0,,PIERCE THE VEIL / JAWS OF LIFE
5099967929726,0,,SMASHING PUMPKINS / SIAMESE DREAM
0093624679424,0,,GREEN DAY / NIMROD
0843563125656,1,,MOLCHAT DOMA / S KRYSH NASHIKH DOMOV
0720841214625,3,,CIGARETTES AFTER SEX / CIGARETTES AFTER SEX
0600753245682,2,,CURE / DISINTEGRATION
0656605175027,3,,MITSKI / NOTHING'S ABOUT TO HAPPEN TO ME
0887830016025,4,,MY BLOODY VALENTINE / M B V
0801390013621,1,,ARCTIC MONKEYS / FAVOURITE WORST NIGHTMARE
0731454814522,1,,"HARVEY, PJ / STORIES FROM THE CITY STORIES FROM THE S"
0602537502950,2,,NIRVANA / IN UTERO
0075678762758,6,,TWENTY ONE PILOTS / VESSEL
0744861140825,0,,BOYGENIUS / BOYGENIUS
0602455099389,1,,BOYGENIUS / RECORD
0093624843481,0,,DEFTONES / B-SIDES & RARITIES
5056167180906,0,,DJO / CRUX
5056167182856,2,,DJO / CRUX DELUXE
0886977008122,0,,HUM / YOU'D PREFER AN ASTRONAUT
0042282855329,2,,PORTISHEAD / DUMMY
0656605243528,3,,BON IVER / BON IVER
0656605142326,0,,MITSKI / PUBERTY 2
0036172943623,0,,NEUTRAL MILK HOTEL / IN THE AEROPLANE OV
0652637090529,3,,PIXIES / DOOLITTLE
0652637803020,1,,PIXIES / SURFER ROSA
0606949225728,0,,PRIMUS / PORK SODA
0720642448526,1,,SONIC YOUTH / DIRTY
0888430999626,1,,HOZIER / HOZIER
0656605155029,5,,MITSKI / LAUREL HELL
143707,0,Various Artists,Blank Check
,0,,Trolls world Tour (Manual)
0093624849780,1,"BRYAN,ZACH","BRYAN,ZACH / ZACH BRYAN"
0075678588853,0,JOHNNY BLUE SKIES & THE DARK CLOUDS,JOHNNY BLUE SKIES & THE DARK CLOUDS / MUTINY AFTER MIDNIGHT
0093624867449,0,ZACH BRYAN,"BRYAN,ZACH / AMERICAN HEARTBREAK"
5060143496707,3,,MARTY ROBBINS / GUNFIGHTER BALLADS DISL
0190296610288,0,DAFT PUNK,DAFT PUNK - Daft Club
5099962774628,2,MASSIVE ATTACK,MASSIVE ATTACK / HELIGOLAND (STANDARD WHITE BARCODE
0602547714251,0,,MASSIVE ATTACK / BLUE LINES
0724384497828,0,AIR,AIR / MOON SAFARI
5055274703541,2,Aphex Twin,APHEX TWIN / SELECTED AMBIENT WORKS
5021603105027,0,APHEX TWIN,APHEX TWIN / WINDOWLICKER
5021603043121,0,Aphex Twin,APHEX TWIN / RICHARD D. JAMES ALBUM
0801061003029,1,Aphex Twin,APHEX TWIN / I CARE BECAUSE YOU DO
0801061009229,0,Aphex Twin,APHEX TWIN / DRUKQS
0602537484607,2,AVICII,AVICII / TRUE
093624972969,1,CELEBRATION,MADONNA - CELEBRATION
0075678611698,0,Charli Xcx,Charli Xcx - Brat
0190296198205,1,CHARLI XCX,CHARLI XCX / CRASH
5054197183386,7,DAFT PUNK,DAFT PUNK / HOMEWORK (LIMITED)
0190759475324,0,"DIXON,KYLE & MICHAEL STEIN","DIXON,KYLE & MICHAEL STEIN / STRANGER THINGS: SOUNDTRACK FRO"
0828766605822,0,"PRESLEY,ELVIS","PRESLEY,ELVIS / ELVIS PRESLEY"
0886919933529,1,"SPEARS,BRITNEY","SPEARS,BRITNEY - In the Zone"
0198029800425,2,Tame Impala,TAME IMPALA / DEADBEAT
0602577579608,0,Tame Impala,TAME IMPALA / SLOW RUSH
3760396025915,0,VOIDZ,VOIDZ - Like All Before You
0602438778164,1,WEEKND,WEEKND - Take My Breath (I)
0060270096226,4,,CRYSTAL CASTLES / CRYSTAL CASTLES
8809954227882,0,,STRAY KIDS / KARMA
0196588010323,2,,DAFT PUNK / RANDOM ACCESS MEMORIES
0634904058623,2,,PRODIGY / FAT OF THE LAND
0190296610424,1,,DAFT PUNK / DISCOVERY
0190296618109,2,,DAFT PUNK / ALIVE 1997
0602567427551,1,,MASSIVE ATTACK / MEZZANINE
0190296610394,6,,DAFT PUNK / HOMEWORK
0198704485145,0,,ILLIT / BOMB
0198704538261,0,,STRAY KIDS / KARMA
887654538420,3,TYLER THE CREATOR,WOLF - TYLER THE CREATOR
0199350925368,0,$uicideboy$,$UICIDEBOY$ / THY KINGDOM COME
0194690430718,0,AALIYAH,AALIYAH / ONE IN A MILLION
0194690430510,0,AALIYAH,AALIYAH / ULTIMATE AALIYAH (2CD)
0194690430633,0,AALIYAH,AALIYAH / I CARE 4 U
075678999147,1,Greatest Hits,The Notorious B.I.G. - Greatest Hits
602498617397,1,KANYE WEST,THE COLLEGE DROPOUT - KANYE WEST
0093624906032,2,MAC MILLER,"MILLER,MAC / SWIMMING (X)"
0602498628010,1,Notorious B.I.G.,Notorious B.I.G. - Ready to Die Remaster
0886919635126,1,,DEATH GRIPS / MONEY STORE
0198029264722,2,,"TYLER, THE CREATOR / CHROMAKOPIA"
0730082607223,0,,OUTKAST / STANKONIA
0886974537823,2,,OUTKAST / SPEAKERBOXXX/THE LOVE BELOW
0602508067136,0,,POST MALONE / HOLLYWOOD'S BLEEDING
0199806705414,1,$UICIDEBOY$,$UICIDEBOY$ / THY WILL BE DONE
0602517478527,2,2Pac,2PAC / BEST OF 2PAC PART 1: THUG
0012414163622,2,2Pac,2PAC / ME AGAINST WORLD
0602517501478,5,2Pac,2PAC / BEST OF 2PAC PART 2: LIFE
0012414162823,0,2pac,2PAC / R U STILL DOWN
0606949084028,0,2pac,2PAC / UNTIL END OF TIME
0602517334045,0,50 CENT,50 CENT / CURTIS
606949354428,2,50 CENT,GET RICH OR DIE TRYIN - 50 CENT
0888430777521,0,A$AP Rocky,A$AP Rocky - At.Long.Last.A$ap
0199584310824,3,A$AP ROCKY,A$AP ROCKY / DON'T BE DUMB (X)
0887254236627,1,BEYONCE,BEYONCE / 4
5054526539860,1,CHILDISH GAMBINO,CHILDISH GAMBINO / CAMP
0602537658824,0,CHILDISH GAMBINO,CHILDISH GAMBINO - Because the Internet
0602547120083,0,DEATH GRIPS,DEATH GRIPS - Powers That B
0602567787334,0,DEATH GRIPS,DEATH GRIPS - Year of the Snitch
0602455684509,0,DESTROY LONELY,DESTROY LONELY - If Looks Could Kill (2cd)
0602475052470,0,DESTROY LONELY,DESTROY LONELY - Love Lasts Forever (X)
0198704737879,1,DO IT,STRAY KIDS / SKZ IT TAPE - DO IT
0602455099952,0,DR. DRE,DR. DRE / CHRONIC (X)
0602527395319,1,DRAKE,DRAKE / THANK ME LATER
0602448193582,0,DRAKE,"DRAKE / HONESTLY, NEVERMIND"
0886976976224,1,E-40,E-40 / MAIL MAN
0888837517027,3,Earl Sweatshirt,EARL SWEATSHIRT / DORIS
0888750692726,3,Earl Sweatshirt,EARL SWEATSHIRT / I DON'T LIKE SHIT I DON'T GO OUTSIDE
5099750546420,2,Eazy-E,Eazy-E - It's on (Dr. Dre) 187umkilla
602537503025,1,EAZY-E,RETIRED: EAZY-DUZ-IT - EAZY-E
5099750546529,2,EAZY-E,EAZY-E / STR8 OFF THA STREETZ OF MUTHAPHUKKIN COMPTON
0602498878934,2,Eminem,Eminem - Curtain Call: Hits
0731452444226,0,INSANE CLOWN POSSE,INSANE CLOWN POSSE - Great Milenko
0602448963642,3,J Cole,J. COLE / 2014 FOREST HILLS DRIVE
0602455614919,2,J COLE,J COLE - Born Sinner
0659457212629,2,J Dilla,J DILLA / DONUTS
0602455093684,0,J. COLE,J. COLE - Cole World: the Sideline Story (X)
0810760031929,1,J. COLE,J. COLE - Kod
0602557800227,0,Kali Uchis,"UCHIS,KALI / ISOLATION"
0602537432134,3,Kanye West,Kanye West - Yeezus
0602527474465,2,Kanye West,"WEST,KANYE / MY BEAUTIFUL DARK"
0602498851531,1,Kanye West,Kanye West - Late Registration
602517412200,5,KANYE WEST,Kanye West - Graduation
9120005656093,1,KANYE WEST,BULLY
602517872790,1,KANYE WEST,808S AND HEARTBREAK - KANYE WEST
0602508643385,2,Kanye West,"WEST,KANYE / DONDA"
0602508464522,1,Kanye West,Kanye West - Jesus Is King
0602547300683,4,Kendrick Lamar,Kendrick Lamar - To Pimp a Butterfly
0602445886906,0,Kendrick Lamar,Kendrick Lamar - Mr. Morale & the Big Steppers
0602537362721,6,Kendrick Lamar,"LAMAR,KENDRICK / GOOD KID, M.A.A.D CITY"
0602475686767,3,Kendrick Lamar,"LAMAR,KENDRICK / GNX"
0602557611755,4,Kendrick Lamar,Kendrick Lamar - Damn
0602448384294,0,"LAMAR,KENDRICK","LAMAR,KENDRICK / GOOD KID, M.A.A.D CITY (X) (10TH ANNIVERSARY ED"
0074646903520,2,Lauryn Hill,Lauryn Hill - Miseducation of Lauryn
5056167179917,0,LIL PEEP,"LIL PEEP / COME OVER WHEN YOU'RE SOBER, PT.1"
0075678659249,1,Lil Uzi Vert,LIL UZI VERT / LUV IS RAGE 2
0075678602580,1,LIL UZI VERT,LIL UZI VERT / ETERNAL ATAKE 2
0075678614378,2,LIL UZI VERT,LIL UZI VERT / PINK TAPE
0602527681412,0,LIL WAYNE,LIL WAYNE - Tha Carter 4
0602498836514,2,Lil Wayne,LIL WAYNE / THA CARTER 2
0040232021398,3,MAC MILLER,"MILLER,MAC / WATCHING MOVIES WITH SOUND"
0093624851592,3,Mac Miller,"MILLER,MAC / BALLOONERISM"
0659457206529,8,Madvillain,MADVILLAIN / MADVILLAINY
0886976880323,0,Mariah Carey,"CAREY,MARIAH / BUTTERFLY"
0826257040022,0,MF Doom,MF Doom - Mm..Food
0826257035226,2,MF Doom,MF DOOM / OPERATION: DOOMSDAY
0724353793722,2,N.W.A.,N.W.A. / EFIL4ZAGGIN
0603497864393,0,NOTORIOUS B.I.G,NOTORIOUS B.I.G. / AN INTRODUCTION TO
0730082605328,2,Outkast,Outkast - Aquemini
0808391286399,0,PARTYNEXTDOOR; DRAKE,PARTYNEXTDOOR; DRAKE - Some Sexy Songs 4 U (X)
0602475371786,2,PLAYBOI CARTI,PLAYBOI CARTI / MUSIC
0012414181220,0,R KELLY,"KELLY,R / CHOCOLATE FACTORY"
0602498629826,0,RISE AGAINST,RISE AGAINST - Siren Song Of
0886972695525,1,SLY & FAMILY STONE,SLY & FAMILY STONE - Fresh
0044001601729,2,Spm,SPM / NEVER CHANGE
0044001333620,0,SPM,SPM / TIME IS MONEY
0886919866421,1,TLC,TLC - Crazysexyfool
0889853347520,0,TOO SHORT,TOO SHORT - Mack of Century... Too Short's Greatest Hits (X)
888750846426,5,TYLER THE CREATOR,CHERRY BOMB - TYLER THE CREATOR
194399166321,0,TYLER THE CREATOR,CALL ME IF YOU GET LOST - TYLER THE CREATOR
0731454242721,3,Warren G,WARREN G / REGULATE...G FUNK ERA
0078636633626,2,Wu Tang Clan,WU-TANG CLAN / ENTER THE WU-TANG: 36
0842812107276,8,XXXTENTACION,XXXTENTACION - ?
0194690007002,3,XXXTENTACION,XXXTENTACION / BAD VIBES FOREVER
0788362973872,1,Ye (Kanye West) & Ty Dolla Sign,YE (KANYE WEST) & TY DOLLA SIGN / VULTURES 1
0602498808559,0,YOUNG JEEZY,YOUNG JEEZY - Let's Get It: Thug
0602547914507,0,,DEATH GRIPS / BOTTOMLESS PIT
0194398186320,2,,21 SAVAGE; METRO BOOMIN / SAVAGE MODE II
0190759652022,1,,"TYLER, THE CREATOR / IGOR"
0606949062927,0,,EMINEM / MARSHALL MATHERS LP
0602488235266,2,,PLAYBOI CARTI / WHOLE LOTTA RED
0889854385828,0,,ASAP ROCKY / LONG.LIVE.ASAP
0606949028725,0,,EMINEM / SLIM SHADY LP
5099962616621,2,,GORILLAZ / PLASTIC BEACH
0094631169120,6,,GORILLAZ / DEMON DAYS
0602567800187,4,,KIDS SEE GHOSTS; KANYE WEST; KID CUDI / KIDS SEE GHOSTS
0634904052928,2,,"TYLER, THE CREATOR / GOBLIN"
0602577480379,0,,JUICE WRLD / DEATH RACE FOR LOVE
602527832623,2,,drake take care
0602527650579,3,,JAY-Z; KANYE WEST / WATCH THE THRONE
0190759349229,3,,"GIBBS,FREDDIE & MADLIB / BANDANA"
0078636648026,3,,MOBB DEEP / INFAMOUS
0074645768427,4,,NAS / ILLMATIC
0097037999124,2,,THREE 6 MAFIA / UNDERGROUND VOL.1
0190758742922,0,,FUTURE / FUTURE HNDRXX PRESENTS: THE WIZRD
5056167177562,0,,LIL PEEP / CRYBABY
0075678669224,3,,TWENTY ONE PILOTS / BLURRYFACE
0720642481325,0,,GZA / GENIUS / LIQUID SWORDS
0602475916383,0,,KALI UCHIS / POR VIDA
0081227677121,2,,PHARCYDE / LABCABINCALIFORNIA
0617513956436,0,,SNOOP DOGGY DOGG / DOGGYSTYLE
0196587792121,0,,SZA / SOS
0889853368228,2,,BEYONCE / LEMONADE
0602527394527,0,,EMINEM / RECOVERY
093624917199,2,,mac miller divine feminine
0097037440121,1,,THREE 6 MAFIA / MYSTIC STYLEZ
8436559469104,2,Billie Holiday,"HOLIDAY,BILLIE / COMPLETE COMMODORE RECORDINGS"
0196922870538,2,Clairo,CLAIRO / CHARM
0724349532625,0,"COLTRANE,JOHN","COLTRANE,JOHN / BLUE TRAIN"
8435723701095,0,"FITZGERALD,ELLA & LOUIS ARMSTRONG","FITZGERALD,ELLA & LOUIS ARMSTRONG - Ella & Louis"
146172,0,Frank Sinatra,Sinatra Sings Rodgers and Hammerstein
0602537827718,0,"GETZ,STAN / GILBERTO,JOAO","GETZ,STAN / GILBERTO,JOAO - Getz,Stan - Gilberto,Joao - Getz"
0074646512326,5,Herbie Hancock,Herbie Hancock - Headhunters
8436563184000,0,"JAMES,ETTA","JAMES,ETTA / AT LAST"
146212,0,John Coltrane,The Bethlehem Years
0074646493526,2,Miles Davis,"DAVIS,MILES / KIND OF BLUE"
5050457174521,0,"MONK,THELONIOUS WITH","MONK,THELONIOUS WITH / THELONIOUS MONK WITH JOHN COLTRANE"
8436563182921,1,"PARKER,CHARLIE","PARKER,CHARLIE - Charlie Parker with Strings"
4988005770455,0,"TAKANAKA,MASAYOSHI","TAKANAKA,MASAYOSHI - Brasilian"
4988005770431,0,"TAKANAKA,MASAYOSHI","TAKANAKA,MASAYOSHI - Takanaka"
0602498840221,0,,"GETZ,STAN / GILBERTO,JOAO / GETZ/GILBERTO"
0192641872617,0,,STRAY KIDS / MAXIDENT
0198704872549,0,bts,BTS / ARIRANG - BTS THE 5TH ALBUM (ROOTED IN MUSIC VER.)
0198704872532,0,bts,BTS / ARIRANG - BTS THE 5TH ALBUM (ROOTED IN KOREA VER.)
0198704872631,1,bts,BTS / ARIRANG - BTS THE 5TH ALBUM (LIVING LEGEND VER.)
0196922860409,0,Illit,ILLIT / SUPER REAL ME: 1ST MINI ALBUM
0198704749148,0,Illit,ILLIT / NOT CUTE ANYMORE
0198704485275,0,ILLIT,ILLIT / BOMB (GLLIT VER.)
196922950599,0,JIMIN (BTS),"MUSE (Target Exclusive, CD)"
602475849872,0,Katseye,Beautiful Chaos
0602475849865,0,KATSEYE,KATSEYE / BEAUTIFUL CHAOS (X) (BEAUTIFUL VERSION)
0602465902068,0,Katseye,KATSEYE / SIS (SOFT IS STRONG) (EP) (STRONG VERSION)
0602465902105,0,Katseye,KATSEYE / SIS
0198704538278,1,STRAY KIDS,STRAY KIDS - Karma (Hooray Ver.)
8809755506957,1,STRAY KIDS,STRAY KIDS - 5-Star: Vol. 3 (Digipack Ver.)
0192641872600,0,STRAY KIDS,STRAY KIDS / MAXIDENT (T-CRUSH VERSION)
0196922934513,0,,STRAY KIDS / ATE
0196922331701,0,,STRAY KIDS / 5-STAR
0602435988511,0,BTS,BTS - Bts: the Best (Limited Edition C - Deluxe Slipcase Digipak - 2cd
0823375043843,0,ILLIT,ILLIT - Mamihlapinatapai (Paw Paw Ver.)
0198704485169,0,ILLIT,ILLIT - Bomb (Star Bomb Ver.)
0823375043645,0,ILLIT,ILLIT - Mamihlapinatapai (Free Rider Ver.)
8809704434324,0,ILLIT,ILLIT - Not Cute Anymore (Illit x Ashley Williams Pouch Ver.) (Co
4050538672206,0,BUENA VISTA SOCIAL CLUB,BUENA VISTA SOCIAL CLUB / BUENA VISTA SOCIAL CLUB (25TH ANNIVER
0888072721067,0,CHALINO SANCHEZ,CHALINO SANCHEZ - Mas Exitos Con Chalino Sanchez
0888072722019,0,CHALINO SANCHEZ,CHALINO SANCHEZ - Nieves De Enero
0600753868386,0,ENRIQUE IGLESIAS,ENRIQUE IGLESIAS / GREATEST HITS
0888072592926,0,HERMANOS GUTIERREZ,HERMANOS GUTIERREZ - Sonido Cosmico
0602478045400,4,Karol G,KAROL G / TROPICOQUETA
0886979403024,0,"MARTIN,RICKY","MARTIN,RICKY - Greatest Hits"
,0,,SOULFLOWER (Manual)
0602458124118,1,,KAROL G / MANANA SERA BONITO
0032357209522,0,Acid Bath,ACID BATH / WHEN THE KITE STRING POPS
0093624943099,2,Avenged Sevenfold,AVENGED SEVENFOLD / HAIL TO THE KING
0724352069521,1,Billy Idol,"IDOL,BILLY / REBEL YELL"
0018861002927,0,Black Flag,BLACK FLAG / SLIP IT IN
0081227946715,2,Black Sabbath,BLACK SABBATH / PARANOID
4050538014525,1,BRING ME THE HORIZON,BRING ME THE HORIZON / THERE IS A HELL BELIEVE ME I'VE SEEN IT. THE
4050538167344,0,BRING ME THE HORIZON,BRING ME THE HORIZON / SUICIDE SEASON CUT UP
0887654798527,3,BRING ME THE HORIZON,BRING ME THE HORIZON / SEMPITERNAL
0888751360723,3,BRING ME THE HORIZON,BRING ME THE HORIZON / THAT'S THE SPIRIT
0828768290620,2,CRADLE OF FILTH,CRADLE OF FILTH / CRUELTY & THE BEAST
0801056780621,0,DARKTHRONE,DARKTHRONE - Goatlord
0801056780522,0,DARKTHRONE,DARKTHRONE - Ravishing Grimness
0093624832263,2,DEFTONES,DEFTONES / PRIVATE MUSIC (X)
0602448944245,0,DRAKE & 21 SAVAGE,DRAKE & 21 SAVAGE - Her Loss
5054197915314,2,DURAN DURAN,DURAN DURAN / RIO (2009 REMASTER
4099964256666,2,EVANESCENCE,EVANESCENCE - Sanctuary
0075678668432,0,HAMILTON (ORIGINAL BROADWAY CAST),HAMILTON (ORIGINAL BROADWAY CAST)
0190295345051,0,Iron Maiden,IRON MAIDEN / LIVE AFTER DEATH
4050538427110,0,IRON MAIDEN,IRON MAIDEN / SEVENTH SON OF A SEVENTH SON
4050538427004,1,Iron Maiden,IRON MAIDEN / PIECE OF MIND
4050538427028,0,IRON MAIDEN,IRON MAIDEN / POWERSLAVE
4050538427097,0,IRON MAIDEN,IRON MAIDEN / SOMEWHERE IN TIME
5099747808029,0,KORN,KORN / KORN
886978795427,3,KORN,ISSUES - KORN
0827969070222,0,LAMB OF GOD,LAMB OF GOD / ASHES OF THE WAKE
0888430615328,3,Lamb Of God,LAMB OF GOD / SACRAMENT
0602527711522,1,Limp Bizkit,LIMP BIZKIT / GOLD COBRA
0606949033521,1,Limp Bizkit,Limp Bizkit - Significant Other
0606949075927,3,Limp Bizkit,Limp Bizkit - Chocolate Starfish
0093624818625,2,Linkin Park,LINKIN PARK / METEORA
4065629649722,1,MACHINE HEAD,MACHINE HEAD / OF KINGDOM & CROWN
0724359862422,0,MEGADETH,MEGADETH - Peace Sells but Who's
5099902934525,0,MEGADETH,MEGADETH - Peace Sells but Who's Buying
0850007452018,0,METALLICA,METALLICA - Metallica (Remastered)
4099964148534,1,MOTORHEAD,MOTORHEAD / ACE OF SPADES (2CD)
0888837147620,2,Ozzy Osbourne,"OSBOURNE,OZZY / BARK AT THE MOON"
0074646963029,3,RAGE AGAINST MACHINE,RAGE AGAINST MACHINE - Battle Los Angeles
0602498606797,1,Rob Zombie,ROB ZOMBIE / PAST PRESENT & FUTURE
0016861876326,0,SEPULTURA,SEPULTURA / ARISE
0016861876623,0,SEPULTURA,SEPULTURA / BENEATH THE REMAINS
0016861900021,0,SEPULTURA,SEPULTURA / CHAOS A.D.
0016861754525,1,SLIPKNOT,SLIPKNOT / 5: THE GRAY CHAPTER
0016861838829,1,Slipknot,SLIPKNOT / VOL.3: THE SUBLIMINAL VERSES
0016861856427,1,Slipknot,SLIPKNOT / IOWA
0602537789894,0,Soundgarden,Soundgarden - Superunknown
5099750153420,1,SYSTEM OF A DOWN,SYSTEM OF A DOWN / TOXICITY
828765364423,0,TOOL,Aenima
0190759758229,0,,TOOL / FEAR INOCULUM
0827969387122,2,,SYSTEM OF A DOWN / HYPNOTIZE
0081227946746,0,,BLACK SABBATH / BLACK SABBATH
0075021537422,1,,SOUNDGARDEN / BADMOTORFINGER
0018663101125,1,,SUICIDAL TENDENCIES / SUICIDAL TENDENCIES
0074645247526,3,,ALICE IN CHAINS / DIRT
0075679175823,2,,PANTERA / VULGAR DISPLAY OF POWER
0081227946579,2,,BLACK SABBATH / SABOTAGE
0731458695325,0,,DANZIG / DANZIG
0801056704320,1,,DARKTHRONE / TRANSILVANIAN HUNGER
0077778675723,1,,SUICIDAL TENDENCIES / HOW WILL I LAUGH
0198029364927,0,,THREE DAYS GRACE / ALIENATION
0093624992011,2,,AVENGED SEVENFOLD / AVENGED SEVENFOLD
0093624966555,2,,AVENGED SEVENFOLD / NIGHTMARE
0016861887421,0,,TYPE O NEGATIVE / OCTOBER RUST
8024391153222,3,,MEGADETH / MEGADETH
0879198108528,0,,DYSTOPIA / HUMAN = GARBAGE
0858978005202,1,,METALLICA / MASTER OF PUPPETS
0075679137227,1,,PANTERA / COWBOYS FROM HELL
0075596190824,1,,PANTERA / GREAT SOUTHERN TRENDKILL
0858978005134,1,,METALLICA / KILL EM ALL
0827969270028,0,,KORN / GREATEST HITS VOL.1
0093624323921,3,,DEFTONES / SATURDAY NIGHT WRIST
0093624681021,1,,DEFTONES / AROUND THE FUR
0093624779926,3,,DEFTONES / WHITE PONY
0601501306327,3,,EVANESCENCE / FALLEN
0888837145923,2,,KORN / FOLLOW THE LEADER
0016861865528,0,,SLIPKNOT / SLIPKNOT
0696998706224,6,,SYSTEM OF A DOWN / STEAL THIS ALBUM
0074646892428,2,,SYSTEM OF A DOWN / SYSTEM OF A DOWN
0858978005141,3,,METALLICA / RIDE THE LIGHTNING
5021732505187,0,,SMITHS / SMITHS
0652637001327,0,Bauhaus,BAUHAUS / IN THE FLAT FIELD
0602498400173,2,Cure,Cure - Head on the Door
0603497837427,2,CURE,CURE / WISH (30TH ANNIVERSARY REMASTER)
0602498628867,0,CURE,CURE / CURE
0198028877022,2,DEPECHE MODE,DEPECHE MODE / SPEAK & SPELL
0198028877220,0,DEPECHE MODE,DEPECHE MODE / BLACK CELEBRATION
0600753550410,2,SIOUXSIE & THE BANSHEES,SIOUXSIE & THE BANSHEES / SPELLBOUND
5021732374370,0,SMITHS,SMITHS / QUEEN IS DEAD
0198028410922,4,,DEPECHE MODE / VIOLATOR
0602498218389,4,,CURE / PORNOGRAPHY
0731453259522,0,,SOFT CELL / NON-STOP EROTIC CABARET
731458943525,1,,the cure greatest hits
0602498435120,1,SIOUXSIE & BANSHEES,SIOUXSIE & BANSHEES / JU JU
0602517247321,3,ABBA,ABBA / GOLD: GREATEST HITS
0198029059427,2,Addison Rae,"RAE,ADDISON / ADDISON"
0194399379721,1,Adele,ADELE / 30
0191404113929,2,Adele,ADELE / 25
0602517229679,6,Amy Winehouse,Amy Winehouse - Back to Black
0602517265882,1,Amy Winehouse,"WINEHOUSE,AMY / FRANK"
0602577378034,4,Ariana Grande,"GRANDE,ARIANA / THANK U NEXT"
0602468076414,0,Ariana Grande,"GRANDE,ARIANA / ETERNAL SUNSHINE DELUXE: BRIGHTER DAYS AHEAD"
0602567838098,1,Ariana Grande,"GRANDE,ARIANA / SWEETENER"
0602547868527,0,Ariana Grande,"GRANDE,ARIANA / DANGEROUS WOMAN"
0602435864563,5,Ariana Grande,"GRANDE,ARIANA / POSITIONS"
0602465895278,1,Aurelius Carpenter,"CARPENTER,SABRINA / SHORT N SWEET (X)"
5060257961757,2,BEABADOOBEE,BEABADOOBEE / FAKE IT FLOWERS
0886976077426,1,BEYONCE,BEYONCE - I Am Sasha Fierce
0886978148193,0,BEYONCE,BEYONCE / I AM...WORLD TOUR
0602547576439,1,"BIEBER,JUSTIN","BIEBER,JUSTIN / PURPOSE (DLX)"
0602527256122,0,"BIEBER,JUSTIN","BIEBER,JUSTIN / MY WORLD"
0602465223675,2,Billie Eilish,"EILISH,BILLIE / HIT ME HARD & SOFT"
0602577427626,2,Billie Eilish,"EILISH,BILLIE / WHEN WE ALL FALL ASLEEP, WHERE DO WE GO?"
5016958059323,0,BJORK,BJORK / HOMOGENIC LIVE
0827954036356,0,BJORK,BJORK / DEBUT LIVE
0093624834588,2,"BOONE,BENSON","BOONE,BENSON / AMERICAN HEART"
0888837159227,2,BRITNEY SPEARS,"SPEARS,BRITNEY / BLACKOUT"
0886919932829,1,Britney Spears,"SPEARS,BRITNEY / BABY ONE MORE TIME"
0075678912153,2,BRUNO MARS,BRUNO MARS / DOO WOPS & HOOLIGANS
0075678662737,1,BRUNO MARS,BRUNO MARS / 24K MAGIC
0886978828125,0,"CAREY,MARIAH","CAREY,MARIAH / DAYDREAM"
0075021033726,1,"CAREY,MARIAH","CAREY,MARIAH / EMANCIPATION OF MIMI"
0602498614686,0,CARPENTERS,CARPENTERS / GOLD (35TH ANNIV)
0606949045623,2,CARPENTERS,CARPENTERS / SINGLES 1969 - 1981
4988005724519,0,CARPENTERS,CARPENTERS - Made in America
4988005724434,0,CARPENTERS,CARPENTERS / TICKET TO RIDE
0075678604133,1,Charli Xcx,CHARLI XCX / BRAT & IT'S COMPLETELY DIFFERENT BUT ALSO STILL BRAT
0190295136208,0,CHARLI XCX,CHARLI XCX / HOW I'M FEELING NOW
0190295409586,0,CHARLI XCX,CHARLI XCX / CHARLI
0075678590849,2,Charli Xcx,CHARLI XCX / WUTHERING HEIGHTS
5054197610295,2,CHER,CHER / BELIEVE (25TH ANNIVERSARY/DELUXE/2CD)
0093624844211,1,CHER,CHER / FOREVER
0602438275250,1,Clairo,CLAIRO / SLING
0602445797721,0,CONAN GRAY,CONAN GRAY - Superache (Alternate Cover)
0198029159127,0,"CYRUS,MILEY","CYRUS,MILEY / SOMETHING BEAUTIFUL"
0888837452328,0,"CYRUS,MILEY","CYRUS,MILEY / BANGERZ"
0602438741458,0,"DEL REY,LANA","DEL REY,LANA - Blue Banisters"
0602547525710,1,"DEL REY,LANA","DEL REY,LANA - Honeymoon"
0602448064851,1,DEMI LOVATO,"LOVATO,DEMI / HOLY FVCK (X)"
0075678603136,1,FKA TWIGS,FKA TWIGS / EUSEXUA
602527755281,6,Frank Ocean,Frank Ocean - Channel Orange
0199957966443,2,GRACIE ABRAMS,"ABRAMS,GRACIE / DAUGHTER FROM HELL"
0602435234885,1,"GRANDE,ARIANA","GRANDE,ARIANA - K Bye for Now (Swt Live) (2cd)"
0602508629396,0,"GRAY,CONAN","GRAY,CONAN - Kid Krow (X)"
0888430772229,0,"HOUSTON,WHITNEY","HOUSTON,WHITNEY / WHITNEY"
0886976114329,2,"Jackson, Michael","JACKSON,MICHAEL / MICHAEL JACKSON'S THIS IS IT"
0199584153025,2,"JACKSON,MICHAEL","JACKSON,MICHAEL - Michael (Ost)"
0602435725666,0,Justin Bieber,"BIEBER,JUSTIN / JUSTICE"
0828765376327,1,JUSTIN TIMBERLAKE,"TIMBERLAKE,JUSTIN / JUSTIFIED"
0888750726223,0,JUSTIN TIMBERLAKE,"TIMBERLAKE,JUSTIN / FUTURESEX/LOVESOUNDS (EXPLICIT)"
0199957317412,4,kahan noah,"KAHAN,NOAH / GREAT DIVIDE (X)"
0602438968756,4,"KAHAN,NOAH","KAHAN,NOAH / I WAS / I AM (X)"
0602438381920,2,KALI UCHIS,KALI UCHIS / SIN MIEDO (DEL AMOR Y OTROS DEMONIOS)
5099968460129,0,KATY PERRY,KATY PERRY - Teenage Dream
5099972963425,0,KATY PERRY,"PERRY,KATY / TEENAGE DREAM: COMPLETE CONFECTION"
0602527291567,3,Lady Gaga,LADY GAGA / FAME MONSTER
0602577512711,0,LADY GAGA,LADY GAGA / ARTPOP (X) (UPDATED)
0602508075889,2,Lana Del Rey,"DEL REY,LANA / NFR!"
0602557589924,2,Lana Del Rey,"DEL REY,LANA / LUST FOR LIFE"
0602537860593,0,Lana Del Rey,Lana Del Rey - Ultraviolence
0199584447513,4,"LARSSON,ZARA","LARSSON,ZARA - Midnight Sun: Girls Trip (2lp - Yellow & Pink Vinyl"
0190295553913,2,"LIPA,DUA","LIPA,DUA / DUA LIPA"
0190295142193,0,"LIPA,DUA","LIPA,DUA / FUTURE NOSTALGIA (2CD/BONUS EDITION"
0190295076108,1,"LIPA,DUA","LIPA,DUA / FUTURE NOSTALGIA (THE MOONLIGHT EDITION"
0602537519002,2,Lorde,LORDE / PURE HEROINE
0602557547092,3,Lorde,LORDE / MELODRAMA
0603497803583,0,MADONNA,MADONNA - Music (Japanese Edition)
0093624790327,1,MADONNA,MADONNA - Madonna
0075992644020,2,MADONNA,MADONNA / IMMACULATE COLLECTION
0075992584425,1,MADONNA,MADONNA / LIKE A PRAYER
0093624822356,2,MADONNA,MADONNA / CONFESSIONS II
4943674442812,0,MADONNA,MADONNA - Ray of Light
0093624790129,0,MADONNA,MADONNA / LIKE A VIRGIN
,0,MADONNA -  WHOS THAT GIRL,cd (Manual)
0810090095356,0,Magdalena Bay,MAGDALENA BAY / IMAGINAL DISK
0886978828828,1,Mariah Carey,"CAREY,MARIAH / MUSIC BOX"
0602527309132,2,"MARLEY,BOB","MARLEY,BOB / LEGEND"
0602547382504,1,MAROON 5,MAROON 5 - V (Exp)
0602557567663,0,"MCCARTNEY,PAUL & WINGS","MCCARTNEY,PAUL & LINDA / RAM"
0199584107226,1,"MCRAE,TATE","MCRAE,TATE / SO CLOSE TO WHAT??? (X) (DELUXE)"
0075678608551,1,Melanie Martinez,"MARTINEZ,MELANIE / CRY BABY"
0990312020790,1,MEN I TRUST,MEN I TRUST / EQUUS ASINUS
0190758332925,1,Michael Jackson,"JACKSON,MICHAEL / BAD"
0190758664316,0,Michael Jackson,"JACKSON,MICHAEL / BAD (PICTURE DISC)"
0888750438621,4,Michael Jackson,"JACKSON,MICHAEL / THRILLER"
0190758332826,7,Michael Jackson,"JACKSON,MICHAEL / OFF THE WALL"
0827969428726,2,Michael Jackson,"JACKSON,MICHAEL / ESSENTIAL MICHAEL"
0696998899827,1,Michael Jackson,"JACKSON,MICHAEL / NUMBER ONES"
0888750438928,1,Michael Jackson,"JACKSON,MICHAEL / DANGEROUS"
0075678583674,5,Miley,Miley - Bass Persuades (Cd)
0194398373522,0,MILEY CYRUS,"CYRUS,MILEY / PLASTIC HEARTS (X)"
0784085105637,0,"MILLER,MAC","MILLER,MAC - K.I.D.S."
0724354336829,1,"MINOGUE,KYLIE","MINOGUE,KYLIE - Fever"
0606949315825,1,NO DOUBT,NO DOUBT - Rock Steady
0607618001025,0,"NUMAN,GARY","NUMAN,GARY / PLEASURE PRINCIPLE"
0602478163210,3,Olivia Dean,"DEAN,OLIVIA / ART OF LOVING"
0199957737678,2,OLIVIA RODRIGO,"RODRIGO,OLIVIA / YOU SEEM PRETTY SAD FOR A GIRL SO IN LOVE (X)"
0602458163728,5,OLIVIA RODRIGO,"RODRIGO,OLIVIA / GUTS (X)"
4988031591116,0,OLIVIA RODRIGO,OLIVIA RODRIGO - Guts (Deluxe Edition)
0888751307926,4,ONE DIRECTION,ONE DIRECTION / MADE IN THE A.M
5021732609946,2,PINKPANTHERESS,PINKPANTHERESS / FANCY THAT
5054197766053,1,PINKPANTHERESS,PINKPANTHERESS / HEAVEN KNOWS
0190296455773,1,PINKPANTHERESS,PINKPANTHERESS / TO HELL WITH IT
0197187546381,0,"POLACHEK,CAROLINE","POLACHEK,CAROLINE / DESIRE, I WANT TO TURN INTO YOU"
0194491558369,1,"POLACHEK,CAROLINE","POLACHEK,CAROLINE / PANG"
,0,REMY WOLF,MUD CD (Manual)
0886978866226,0,RICKY MARTIN,"MARTIN,RICKY / RICKY MARTIN"
0851365006103,1,RIHANNA,RIHANNA / ANTI (EXP)
0602527878409,1,RIHANNA,RIHANNA - Talk That Talk
0602527283715,1,RIHANNA,RIHANNA / RATED R
0602517717282,1,Rihanna,RIHANNA / GOOD GIRL GONE BAD V2
0190759242827,2,ROSALIA,ROSALIA - El Mal Querer
0198029909227,2,Rosalia,ROSALIA / LUX
0602475027799,1,Sabrina Carpenter,Sabrina Carpenter - Short N Sweet
0602478370977,2,Sabrina Carpenter,"CARPENTER,SABRINA / MAN'S BEST FRIEND (X)"
0602438667079,2,Sabrina Carpenter,"CARPENTER,SABRINA / EMAILS I CAN'T SEND"
0886919859225,2,SHAKIRA,SHAKIRA / ORAL FIXATION VOL.2
5099967976522,1,"SINATRA,FRANK","SINATRA,FRANK - Best of the Best"
0602547136992,0,"SINATRA,FRANK","SINATRA,FRANK - Ultimate Sinatra"
0199584177328,5,"STYLES,HARRY","STYLES,HARRY / KISS ALL THE TIME. DISCO, OCCASIONALLY"
0889854367725,2,"STYLES,HARRY","STYLES,HARRY / HARRY STYLES"
0194397051223,2,"STYLES,HARRY","STYLES,HARRY / FINE LINE (DIGIPAK/BOOKLET)"
4988005600035,1,"SWIFT,TAYLOR","SWIFT,TAYLOR - Fearless (Platinum Edition)"
0198028920124,0,SZA,SZA / SOS DELUXE: LANA (X) (2CD)
,2,T swift,1989 Taylors version (Manual)
0602547306760,1,TAME IMPALA,TAME IMPALA / CURRENTS
0602577928208,6,Taylor Swift,"SWIFT,TAYLOR / LOVER"
0602438737628,3,Taylor Swift,"SWIFT,TAYLOR / RED"
0602488038546,1,TAYLOR SWIFT,"SWIFT,TAYLOR / LIFE OF A SHOWGIRL (ALONE IN MY TOWER ACOUSTIC"
0602488038553,0,Taylor Swift,"SWIFT,TAYLOR / LIFE OF A SHOWGIRL (LIFE IS A SONG ACOUSTIC VERSIO"
0602438418176,0,THE TENTH ANNIVERSARY,LADY GAGA / BORN THIS WAY - THE TENTH ANNIVERSARY
4099964197815,1,"TOMLINSON,LOUIS","TOMLINSON,LOUIS / HOW DID I GET HERE? (X) (CLEAR VINYL)"
0634904042929,0,VAMPIRE WEEKEND,VAMPIRE WEEKEND / CONTRA
0634904031824,0,VAMPIRE WEEKEND,VAMPIRE WEEKEND / VAMPIRE WEEKEND
0199584399829,1,VARIOUS ARTISTS,VARIOUS ARTISTS / HEATED RIVALRY (OST) (2CD)
0081227580322,0,VARIOUS ARTISTS,VARIOUS ARTISTS / SUPERFLY OST
0602475207283,2,WEEKND,WEEKND - Hurry Up Tomorrow (Basquiat Cover - Signed Cd) (X) (I)
0602537501724,1,WEEKND,WEEKND / KISS LAND
0602547503305,3,WEEKND,WEEKND / BEAUTY BEHIND THE MADNESS (X)
0602435734439,2,WEEKND,WEEKND - Highlights (X)
0199957317115,0,ZAYN,ZAYN / KONNAKOL (X)
0888430671027,2,,ONE DIRECTION / FOUR
0602527641249,3,,LADY GAGA / BORN THIS WAY
0602475451044,2,,LADY GAGA / MAYHEM
0602517891388,5,,LADY GAGA / FAME
0602448963376,2,,KALI UCHIS / RED MOON IN VENUS
0196587445027,2,,BEYONCE / RENAISSANCE
0602508818387,2,,WEEKND / AFTER HOURS
0602475438915,2,,KALI UCHIS / SINCERELY
0602557227482,0,,WEEKND / STARBOY
2244,1,,"Yours Truly / Grande, Ariana"
0888751199729,4,,ONE DIRECTION / UP ALL NIGHT
0794171583522,2,AFI,AFI / ART OF DROWNING
0851647004322,1,Bikini Kill,BIKINI KILL / PUSSY WHIPPED
0008811162429,7,BLINK 182,BLINK 182 / DUDE RANCH
0723248613626,1,BLINK 182,BLINK 182 - Cheshire Cat
0198028551922,1,BLINK-182,BLINK-182 / ONE MORE TIME... PART-2 (X)
0008811237929,1,Blink-182,Blink-182 - Mark Tom Travis Show: the Enema Strikes Back
0194399434321,4,BRING ME THE HORIZON,BRING ME THE HORIZON / POST HUMAN: NEX GEN (X)
0074646388822,0,CLASH,CLASH / SANDINISTA
0803341101128,5,Dead Kennedys,Dead Kennedys - Frankenchrist
0751097097120,1,FACE TO FACE,FACE TO FACE - Big Choice (Reissue)
0718750734020,2,Fugazi,Fugazi - 13 Songs
8718627236123,1,MISFITS,MISFITS / FAMOUS MONSTERS
0045778643523,1,NOFX,NOFX / PUNK IN DRUBLIC
8714092686821,1,OFFSPRING,OFFSPRING - Smash
0075678732430,1,PARAMORE,PARAMORE / PARAMORE
0081227430825,2,Ramones,RAMONES / ROAD TO RUIN
0602498594100,0,RISE AGAINST,RISE AGAINST - Sufferer & Witness
0075992734721,1,SEX PISTOLS,SEX PISTOLS / NEVER MIND THE BOLLOCKS: HERE'S THE SEX PISTOLS
0008811141325,2,,SUBLIME / SUBLIME
0093624552925,3,,GREEN DAY / DOOKIE
0074646388525,2,,CLASH / LONDON CALLING
0803341101326,0,,DEAD KENNEDYS / GIVE ME CONVENIENCE
0093624604624,0,,GREEN DAY / INSOMNIAC
0074646577929,3,Earth Wind & Fire,EARTH WIND & FIRE / GREATEST HITS
0601215302721,0,Erykah Badu,"BADU,ERYKAH / BADUIZM"
5050457127824,0,Etta James,"JAMES,ETTA / AT LAST!"
0886919679120,1,JAMIROQUAI,JAMIROQUAI / TRAVELLING WITHOUT MOVING
0888837167628,1,SADE,SADE / DIAMOND LIFE
5099750406922,0,JAMIROQUAI,JAMIROQUAI - Funk Odyssey
0887828036929,2,Blood Orange,BLOOD ORANGE / FREETOWN SOUND
0008811115623,1,Mary J. Blige,"BLIGE,MARY J. / MY LIFE"
5099750059425,4,SADE,SADE - Best of Sade
0888430171923,1,SADE,SADE / STRONGER THAN PRIDE
0601215310924,1,"BADU,ERYKAH","BADU,ERYKAH - Live"
0887828032228,0,Blood Orange,BLOOD ORANGE / CUPID DELUXE
0198029449624,2,Blood Orange,BLOOD ORANGE / ESSEX HONEY
0194491423193,0,"CAESAR,DANIEL","CAESAR,DANIEL / CASE STUDY 01"
0724352337323,3,D'ANGELO,D'ANGELO / VOODOO
0602455105066,3,Daniel Caesar,"CAESAR,DANIEL / NEVER ENOUGH"
0602478807008,0,DANIEL CAESAR,DANIEL CAESAR - Son of Spergy (X)
0886972418629,1,"EARTH, WIND & FIRE","EARTH, WIND & FIRE / I AM"
0199826874657,0,"FAIYAZ,BRENT","FAIYAZ,BRENT - Icon"
0075678279423,0,"FLACK,ROBERTA","FLACK,ROBERTA - Hathaway,Donny - Roberta"
0190759326923,0,H.E.R.,H.E.R. - H.E.R.
0886919389326,2,"HENDRIX,JIMI","HENDRIX,JIMI / ELECTRIC LADYLAND"
0886977010927,0,JAGGED EDGE,JAGGED EDGE - Jagged Little Thrill
5022810343127,0,JAMES BROWN,JAMES BROWN - Please Please Please - Think - Try Me - the Amazi
0075021390522,1,JANET JACKSON,"JACKSON,JANET / CONTROL"
0602478750212,0,Justin Bieber,"BIEBER,JUSTIN / SWAG"
4943674255474,0,KEHLANI,KEHLANI - Sweetsexysavage
0602557842166,5,LIAM PAYNE,LIAM PAYNE - Lp1 (X)
0044001357626,0,"MARIE,TEENA","MARIE,TEENA - 20th Century Masters"
0886972388526,0,"MARIE,TEENA","MARIE,TEENA - Greatest Hits"
0044006402123,1,Marvin Gaye,"GAYE,MARVIN / LET'S GET IT ON"
0044006402222,6,Marvin Gaye,"GAYE,MARVIN / WHAT'S GOING ON"
0081227964788,0,"MAYFIELD,CURTIS","MAYFIELD,CURTIS - Curtis"
0029667376228,0,OHIO PLAYERS,OHIO PLAYERS - Orgasm
0093624858201,1,OMAR APOLLO,OMAR APOLLO - God Said No
0075992511025,5,PURPLE RAIN,PURPLE RAIN O.S.T.
0095483170920,1,"REDDING,OTIS","REDDING,OTIS / DOCK OF THE BAY: BEST OF"
0044006402321,0,RICK JAMES,RICK JAMES - Street Songs
0602527829142,0,RIHANNA,RIHANNA / LOUD
0886976393328,1,Sade,SADE / SOLDIER OF LOVE
0075678642128,1,SILK SONIC,SILK SONIC (BRUNO MARS & ANDERSON.PAAK) / AN EVENING WITH SILK
0889853874620,0,SOLANGE,SOLANGE - Seat at the Table
0044006616421,0,STEVIE WONDER,"WONDER,STEVIE / DEFINITIVE COLL"
0601215735529,1,STEVIE WONDER,"WONDER,STEVIE / INNERVISIONS"
0601215735727,3,STEVIE WONDER,"WONDER,STEVIE / SONGS IN THE KEY OF"
0196587072728,0,"STYLES,HARRY","STYLES,HARRY / HARRY'S HOUSE"
0602498632000,0,TEMPTATIONS,TEMPTATIONS - Gold
0823134007826,0,THEE SACRED SOULS,THEE SACRED SOULS - Got a Story to Tell
0823134007420,0,THEE SACRED SOULS,THEE SACRED SOULS - Thee Sacred Souls
0888837946728,0,USHER,USHER - 8701
0828766398229,1,USHER,USHER - Confessions
0886919945720,0,USHER,USHER - My Way
0886972333021,1,"WITHERS,BILL","WITHERS,BILL - Live at Carnegie Hall"
0601215735321,1,"WONDER,STEVIE","WONDER,STEVIE / MUSIC OF MY MIND"
0888750384225,2,,BEYONCE / BEYONCE
0093624827276,1,,DIJON / ABSOLUTELY
0887828042128,2,,BLOOD ORANGE / NEGRO SWAN
0888430171428,3,,SADE / LOVERS ROCK
0198704600944,0,,CXM (SEVENTEEN) / CXM
0731454890229,2,Bob Marley,"MARLEY,BOB / UPRISING"
0602448943644,1,AEROSMITH,AEROSMITH / GREATEST HITS
0720642421123,2,Appetite For Destruction,Appetite For Destruction - Guns N' Roses
0075679244123,2,BAD COMPANY,BAD COMPANY / BAD COMPANY
5099940442624,1,BEACH BOYS,BEACH BOYS / PET SOUNDS (STEREO & MONO)
0602508007439,1,Beatles,BEATLES / ABBEY ROAD ANNIVERSARY
0602445599684,0,Beatles,BEATLES / REVOLVER SPECIAL EDITION
0094638246626,0,BEATLES,BEATLES / BEATLES
0190295991487,0,"BOWIE,DAVID","BOWIE,DAVID / CHANGESONEBOWIE"
5021732853424,0,"BOWIE,DAVID","BOWIE,DAVID / SCARY MONSTERS (& SUPER CREEPS"
5054197591785,0,"BOWIE,DAVID","BOWIE,DAVID / ALADDIN SANE (2013 REMASTER"
0886970938921,0,"COHEN,LEONARD","COHEN,LEONARD - Songs of Leonard Cohen"
0093624713029,0,DIRE STRAITS,DIRE STRAITS - Sultans of Swing: the Very Best Of
0081227999582,0,DOORS,DOORS - Very Best of (40th Anniversary)
0081227996956,0,DOORS,DOORS / VERY BEST OF THE DOORS
0081227934422,0,DOORS,DOORS / DOORS (REMASTERED)
4943674413942,1,DOORS,DOORS / L.A.WOMAN (JAPANESE IMPORT)
606949048624,1,DR. DRE,2001 - DR. DRE
0827969239629,3,"DYLAN,BOB","DYLAN,BOB / FREEWHEELIN BOB DYLAN"
0827969239926,3,"DYLAN,BOB","DYLAN,BOB / HIGHWAY 61 REVISITED"
0081227933234,0,EAGLES,EAGLES - Hotel California (40th Anniversary Expanded Edition - 2
0081227940638,2,FLEETWOOD MAC,FLEETWOOD MAC / FLEETWOOD MAC (REMASTERED
0081227950835,4,FLEETWOOD MAC,FLEETWOOD MAC / TUSK
0887828047321,0,FRANZ FERDINAND,FRANZ FERDINAND - Hits to the Head
0093624705826,0,GOO GOO DOLLS,GOO GOO DOLLS / DIZZY UP THE GIRL
0075992718127,1,GRATEFUL DEAD,GRATEFUL DEAD - Live Dead
0602445125708,0,GUNS N' ROSES,GUNS N' ROSES / USE YOUR ILLUSION I (X)
0644110506924,0,HUM,HUM / YOU'D PREFER AN ASTRONAUT
0886979343122,0,JEFF BUCKLEY,"BUCKLEY,JEFF / SKETCHES FOR MY SWEETHEART"
0888430769625,1,"JOEL,BILLY","JOEL,BILLY / STRANGER"
0886978867421,0,"JOEL,BILLY","JOEL,BILLY / 52ND STREET"
0886972328225,0,"JOEL,BILLY","JOEL,BILLY / TURNSTILES"
0081227964597,0,LED ZEPPELIN,LED ZEPPELIN / LED ZEPPELIN I
0081227957957,1,LED ZEPPELIN,LED ZEPPELIN / PHYSICAL GRAFFITI (2015 REMASTER)
0724385031625,2,LENNY KRAVITZ,"KRAVITZ,LENNY / GREATEST HITS"
0093624896326,0,LINKIN PARK,LINKIN PARK/JAY-Z / COLLISION COURSE
0008811272722,0,LYNYRD SKYNYRD,LYNYRD SKYNYRD / PRONOUNCED LEH
0017046752022,0,MISFITS,MISFITS / STATIC AGE
0075992719926,0,"MITCHELL,JONI","MITCHELL,JONI / BLUE"
0075596059329,0,"MITCHELL,JONI","MITCHELL,JONI / COURT & SPARK"
0016861830021,1,NICKELBACK,NICKELBACK / ALL THE RIGHT REASONS
5051961073027,0,Oasis,OASIS / (WHATS THE STORY) MORNING GLORY? (REMASTERED)
0602438077441,1,Olivia Rodrigo,"RODRIGO,OLIVIA / SOUR"
0888751060326,2,Ozzy Osbourne,"OSBOURNE,OZZY / DIARY OF A MADMAN"
0190758768625,2,PINK FLOYD,PINK FLOYD - Animals (2018 Remix)
0011661909120,0,Pod,Pod - Ween
0886977094927,3,"PRESLEY,ELVIS","PRESLEY,ELVIS / ELVIS COUNTRY"
0050087240752,1,QUEEN,QUEEN / NIGHT AT THE OPERA
0050087240721,0,QUEEN,QUEEN / SHEER HEART ATTACK
0191404156322,0,RADIOHEAD,RADIOHEAD / HAIL TO THE THIEF (LIVE RECORDINGS 2003-2009)
0602475748274,0,Sabrina Carpenter,"CARPENTER,SABRINA / SHORT N SWEET (X) (DELUXE EDITION)"
0888751061828,1,SANTANA,SANTANA / SANTANA
0888837149822,2,SANTANA,SANTANA / SUPERNATURAL
0886919841220,2,"SIMON,PAUL","SIMON,PAUL / GRACELAND 25TH ANNIVERSARY"
0008811188627,2,STEELY DAN,STEELY DAN / CAN'T BUY A THRILL
0008811205126,1,STEELY DAN,STEELY DAN / ROYAL SCAM
0008811205522,2,STEELY DAN,STEELY DAN / GAUCHO
0887654557926,1,STROKES,STROKES / COMEDOWN MACHINE
0606949334925,1,SUPERTRAMP,SUPERTRAMP / BREAKFAST IN AMERICA
0886978302427,0,"VAUGHAN,STEVIE RAY","VAUGHAN,STEVIE RAY / TEXAS FLOOD"
0887828049622,1,WET LEG,WET LEG - Wet Leg
,0,whitesnake,whitesnake (Manual)
0767981169514,2,x,X / LOS ANGELES
0093624505723,1,"YOUNG,NEIL","YOUNG,NEIL / HARVEST MOON"
0075992580120,0,,FLEETWOOD MAC / GREATEST HITS
0196587714024,5,,PINK FLOYD / DARK SIDE OF THE MOON
,0,,bebop deluxe (Manual)
0602557455304,0,,BEATLES / SGT. PEPPER'S LONELY HEARTS CLUB BAND
0603497816156,9,,FLEETWOOD MAC / RUMOURS
0888837740623,4,,ONE DIRECTION / MIDNIGHT MEMORIES
0888837130721,0,,ALICE IN CHAINS / ALICE IN CHAINS
0888751709225,6,,PINK FLOYD / WISH YOU WERE HERE
0602547567628,2,,BEATLES / 1
0888751710429,0,,PINK FLOYD / FOOT IN THE DOOR: BEST OF PINK FLOYD
0603497924554,4,,DOORS / MORRISON HOTEL
144356,0,,GRAHAM NASH / SONGS FOR BEGINNERS
0886972372228,0,,TOTO / TOTO IV
0720642420225,1,beetle juice,BEETLEJUICE O.S.T.
0804297824321,0,C418,C418 / MINECRAFT VOLUME ALPHA
0888750377326,0,TOP GUN OST,TOP GUN OST
0828766955422,0,VARIOUS ARTISTS,DIRTY DANCING (20TH ANNIVERSARY) O.S.T.
0078635640823,1,DIRTY DANCING O.S.T.,DIRTY DANCING O.S.T.
0782388106825,0,LORDS OF ACID,LORDS OF ACID / LUST (SPECIAL REMASTERED BAND EDITION)
